<?xml version="1.0" encoding="UTF-8"?>
<beans xmlns="http://www.springframework.org/schema/beans"
	xmlns:xsi="http://www.w3.org/2001/XMLSchema-instance" 
	xmlns:context="http://www.springframework.org/schema/context"
	xsi:schemaLocation="http://www.springframework.org/schema/beans
    http://www.springframework.org/schema/beans/spring-beans.xsd
    http://www.springframework.org/schema/context
    http://www.springframework.org/schema/context/spring-context.xsd">
    
   <context:component-scan base-package="com.jspiders.constructor_cschema"></context:component-scan>
   <bean id="student" class="com.jspiders.constructor_cschema.Student">
   <!-- <property name="id" value="1"></property>
   <property name="name" value="Asmita"></property>
   <property name="marks" value="88.0"></property> -->
   <constructor-arg value="12"></constructor-arg>
   <constructor-arg value="Rani"></constructor-arg>
   <constructor-arg value="99"></constructor-arg>
   </bean>
   
   
    <!-- <bean id="rec" class="com.jspiders.constructor_cschema.Employee">
     </bean>
      -->

</beans>